{
    "Anekal": [
        12.7092076426,
        77.69666544089999
    ],
    "Attibele": [
        12.777179531,
        77.7660897865
    ],
    "Banashankari": [
        12.929815720232918,
        77.60056035175465
    ],
    "Basavanagudi": [
        12.961351815289575,
        77.62920215287645
    ],
    "C K Achuktu": [
        12.964274251010638,
        77.60428946592198
    ],
    "Chandapura": [
        12.8094829862,
        77.70637131090001
    ],
    "Electronic City": [
        12.8394175492,
        77.6764961706
    ],
    "Girinagar": [
        12.906720885942308,
        77.5778920245
    ],
    "Hanumantha Nagar": [
        13.09782267513793,
        77.75941238848276
    ],
    "Hebbal": [
        13.035036955299999,
        77.59662083469999
    ],
    "Indiranagar": [
        12.978925244500001,
        77.6403459261
    ],
    "J P Nagar": [
        12.990592238431372,
        77.6993018959902
    ],
    "Jayanagar": [
        12.925212470178572,
        77.55662905980952
    ],
    "K G Nagar": [
        12.81369785392,
        77.53254549464
    ],
    "K S Layout": [
        12.906051629843938,
        77.5590251882713
    ],
    "Konanakunte": [
        12.974243772440087,
        77.64355513141614
    ],
    "Koramangala": [
        12.9353219652,
        77.6226143961
    ],
    "Puttenahalli": [
        13.01006095555874,
        77.63463710255014
    ],
    "Rajajinagar": [
        12.9914668263,
        77.55222197389999
    ],
    "Shankarapua": [
        12.954978655555555,
        77.58464605868687
    ],
    "Siddapura": [
        12.924284126335541,
        77.57376983629139
    ],
    "Subramanyapura": [
        12.991936228042553,
        77.64180151344681
    ],
    "Thalaghtappura": [
        12.90560107699074,
        77.59032609106481
    ],
    "V V Puram": [
        12.879478011368715,
        77.52192476346369
    ],
    "Whitefield": [
        12.9688211906,
        77.7496896
    ],
    "Yelahanka": [
        13.1015708329,
        77.5957843391
    ]
}